{"cameraMode":{"drawMode":0,"name":"Shaded","section":"Shading Mode"},"sceneLighting":true,"audioPlay":false,"sceneViewState":{"m_AlwaysRefresh":false,"showFog":true,"showSkybox":true,"showFlares":true,"showImageEffects":true,"showParticleSystems":true,"showVisualEffectGraphs":true,"m_FxEnabled":true},"in2DMode":false,"pivot":{"x":-0.11409629136323929,"y":1.572981595993042,"z":3.2141568660736086},"rotation":{"x":-0.12597408890724183,"y":-0.0008951799245551229,"z":0.0001132741235778667,"w":-0.9920349717140198},"size":11.808189392089844,"orthographic":false}