{"cameraMode":{"drawMode":0,"name":"Shaded","section":"Shading Mode"},"sceneLighting":false,"audioPlay":false,"sceneViewState":{"m_AlwaysRefresh":false,"showFog":true,"showSkybox":false,"showFlares":true,"showImageEffects":true,"showParticleSystems":true,"showVisualEffectGraphs":true,"m_FxEnabled":true},"in2DMode":false,"pivot":{"x":-0.008896559476852417,"y":0.4818769693374634,"z":0.24017825722694398},"rotation":{"x":0.04832083359360695,"y":-0.22986961901187898,"z":0.010755226016044617,"w":0.9724460244178772},"size":1.0645402669906617,"orthographic":false}