{"cameraMode":{"drawMode":0,"name":"Shaded","section":"Shading Mode"},"sceneLighting":false,"audioPlay":false,"sceneViewState":{"m_AlwaysRefresh":false,"showFog":true,"showSkybox":false,"showFlares":true,"showImageEffects":true,"showParticleSystems":true,"showVisualEffectGraphs":true,"m_FxEnabled":true},"in2DMode":false,"pivot":{"x":0.19346603751182557,"y":0.7597292065620422,"z":-2.5074357986450197},"rotation":{"x":0.3586222529411316,"y":-0.05738449841737747,"z":0.02206588350236416,"w":0.9315075874328613},"size":1.4645922183990479,"orthographic":false}