{"cameraMode":{"drawMode":0,"name":"Shaded","section":"Shading Mode"},"sceneLighting":true,"audioPlay":false,"sceneViewState":{"m_AlwaysRefresh":false,"showFog":true,"showSkybox":true,"showFlares":true,"showImageEffects":true,"showParticleSystems":true,"showVisualEffectGraphs":true,"m_FxEnabled":true},"in2DMode":false,"pivot":{"x":-0.06492548435926438,"y":0.061217453330755237,"z":-0.00353434169664979},"rotation":{"x":-0.13165129721164704,"y":0.16043516993522645,"z":-0.021596480160951616,"w":-0.9779930710792542},"size":5.213809013366699,"orthographic":false}