{"cameraMode":{"drawMode":0,"name":"Shaded","section":"Shading Mode"},"sceneLighting":false,"audioPlay":false,"sceneViewState":{"m_AlwaysRefresh":false,"showFog":true,"showSkybox":false,"showFlares":true,"showImageEffects":true,"showParticleSystems":true,"showVisualEffectGraphs":true,"m_FxEnabled":true},"in2DMode":false,"pivot":{"x":1.2730000019073487,"y":0.5529999732971191,"z":0.03999999910593033},"rotation":{"x":-0.12699051201343537,"y":-0.8371818661689758,"z":0.2196430265903473,"w":-0.48464420437812807},"size":0.36742347478866579,"orthographic":false}